AccountId,Subject,Description,Status,Priority,ContactId,Origin,CreatedDate,ClosedDate
1,ultrices posuere,Curabitur at ipsum ac tellus semper interdum Mauris ullamcorper purus sit amet nulla Quisque arcu libero, rutrum ac, lobortis vel, dapibus at, diam,Open,Low,1,Phone,4/22/2022,5/2/2022
2,id nisl venenatis,In congue Etiam justo Etiam pretium iaculis justo,In Progress,High,2,Web,1/31/2022,11/13/2022
3,quisque erat eros,Sed ante Vivamus tortor Duis mattis egestas metus,Open,High,3,Web,10/18/2022,9/11/2022
4,dui proin,Curabitur at ipsum ac tellus semper interdum Mauris ullamcorper purus sit amet nulla Quisque arcu libero, rutrum ac, lobortis vel, dapibus at, diam,In Progress,Low,4,Phone,8/26/2022,5/8/2022
5,blandit nam,Duis bibendum Morbi non quam nec dui luctus rutrum Nulla tellus,Closed,High,5,Email,7/20/2022,12/7/2022
6,tortor duis mattis,Nullam porttitor lacus at turpis Donec posuere metus vitae ipsum Aliquam non mauris,Open,High,6,Phone,3/17/2022,9/8/2022
7,nulla ut erat,Curabitur at ipsum ac tellus semper interdum Mauris ullamcorper purus sit amet nulla Quisque arcu libero, rutrum ac, lobortis vel, dapibus at, diam,In Progress,Medium,7,Phone,9/28/2022,8/13/2022
8,penatibus et,Pellentesque at nulla Suspendisse potenti Cras in purus eu magna vulputate luctus,In Progress,Low,8,Email,10/26/2022,4/2/2022
9,mauris viverra,Maecenas ut massa quis augue luctus tincidunt Nulla mollis molestie lorem Quisque ut erat,Closed,Medium,9,Phone,5/23/2022,7/2/2022
10,elementum pellentesque,Proin interdum mauris non ligula pellentesque ultrices Phasellus id sapien in sapien iaculis congue Vivamus metus arcu, adipiscing molestie, hendrerit at, vulputate vitae, nisl,Open,High,10,Phone,9/6/2022,1/13/2022